SKU,Label
frame-000000.png,1
frame-000001.png,1
frame-000002.png,1
frame-000003.png,1
frame-000004.png,1
frame-000005.png,1
frame-000006.png,1
frame-000007.png,1
frame-000008.png,1
frame-000009.png,1
frame-000010.png,1
frame-000011.png,1
frame-000012.png,1
frame-000013.png,1
frame-000014.png,1
frame-000015.png,1
frame-000016.png,1
frame-000017.png,1
frame-000018.png,1
frame-000019.png,1
frame-000020.png,1
frame-000021.png,1
frame-000022.png,1
frame-000023.png,1
frame-000024.png,1
frame-000025.png,1
frame-000026.png,1
frame-000027.png,1
frame-000028.png,1
frame-000029.png,1
frame-000030.png,1
frame-000031.png,1
frame-000032.png,1
frame-000033.png,1
frame-000034.png,1
frame-000035.png,1
frame-000036.png,1
frame-000037.png,1
frame-000038.png,1
frame-000039.png,1
frame-000040.png,1
frame-000041.png,1
frame-000042.png,1
frame-000043.png,1
frame-000044.png,1
frame-000045.png,1
frame-000046.png,1
frame-000047.png,1
frame-000048.png,1
frame-000049.png,1
frame-000050.png,1
frame-000051.png,1
frame-000052.png,1
frame-000053.png,1
frame-000054.png,1
frame-000055.png,1
frame-000056.png,1
frame-000057.png,1
frame-000058.png,1
frame-000059.png,1
frame-000060.png,1
frame-000061.png,1
frame-000062.png,1
frame-000063.png,1
frame-000064.png,1
frame-000065.png,1
frame-000066.png,1
frame-000067.png,1
frame-000068.png,1
frame-000069.png,1
frame-000070.png,1
frame-000071.png,1
frame-000072.png,1
frame-000073.png,1
frame-000074.png,1
frame-000075.png,1
frame-000076.png,1
frame-000077.png,1
frame-000078.png,1
frame-000079.png,1
frame-000080.png,1
frame-000081.png,1
frame-000082.png,1
frame-000083.png,1
frame-000084.png,1
frame-000085.png,1
frame-000086.png,1
frame-000087.png,1
frame-000088.png,1
frame-000089.png,1
frame-000090.png,1
frame-000091.png,1
frame-000092.png,1
frame-000093.png,1
frame-000094.png,1
frame-000095.png,1
frame-000096.png,1
frame-000097.png,1
frame-000098.png,1
frame-000099.png,1
frame-000100.png,1
frame-000101.png,1
frame-000102.png,1
frame-000103.png,1
frame-000104.png,1
frame-000105.png,1
frame-000106.png,1
frame-000107.png,1
frame-000108.png,1
frame-000109.png,1
frame-000110.png,1
frame-000111.png,1
frame-000112.png,1
frame-000113.png,1
image0.jpeg,1
image1.jpeg,1
image10.jpeg,1
image11.jpeg,1
image2.jpeg,1
image3.jpeg,1
image4.jpeg,1
image5.jpeg,1
image6.jpeg,1
image7.jpeg,1
image8.jpeg,1
image9.jpeg,1
IMG_2889.jpeg,1
IMG_2890.jpeg,1
IMG_2891.jpeg,1
IMG_2892.jpeg,1
IMG_2893.jpeg,1
IMG_2894.jpeg,1
IMG_2895.jpeg,1
IMG_2896.jpeg,1
IMG_2897.jpeg,1
IMG_2898.jpeg,1
IMG_2899.jpeg,1
IMG_2900.jpeg,1
IMG_2901.jpeg,1
IMG_2902.jpeg,1
IMG_2903.jpeg,1
IMG_2904.jpeg,1
IMG_2905.jpeg,1
IMG_2906.jpeg,1
IMG_2907.jpeg,1
IMG_2908.jpeg,1
IMG_2909.jpeg,1
IMG_2910.jpeg,1
IMG_2911.jpeg,1
IMG_2912.jpeg,1
IMG_2913.jpeg,1
IMG_2914.jpeg,1
IMG_2915.jpeg,1
IMG_2916.jpeg,1
IMG_2917.jpeg,1
IMG_2918.jpeg,1
IMG_2919.jpeg,1
IMG_2920.jpeg,1
IMG_2921.jpeg,1
IMG_2922.jpeg,1
IMG_2923.jpeg,1
IMG_2924.jpeg,1
IMG_2925.jpeg,1
IMG_2926.jpeg,1
IMG_2927.jpeg,1
IMG_2928.jpeg,1
IMG_2929.jpeg,1
IMG_2930.jpeg,1